{
  "ibighit.com": {
    "backend": {
      "pid": 85973,
      "port": 3003,
      "started": 1774964897.961379
    },
    "vue": {
      "pid": 85978,
      "port": 3002,
      "started": 1774964899.00703
    }
  }
}