{
  "ibighit.com": {
    "backend": {
      "pid": 13326,
      "port": 3003,
      "started": 1774772953.127241
    },
    "vue": {
      "pid": 13343,
      "port": 3002,
      "started": 1774772954.201501
    }
  }
}