{
  "eagles.com": {
    "backend": {
      "pid": 93856,
      "port": 3003,
      "started": 1774260030.3829062
    },
    "vue": {
      "pid": 93859,
      "port": 3002,
      "started": 1774260032.0182369
    }
  }
}