{
  "ibighit.com": {
    "backend": {
      "pid": 16144,
      "port": 5601,
      "started": 1775112507.7944582
    },
    "vue": {
      "pid": 16151,
      "port": 5600,
      "started": 1775112508.8414662
    }
  }
}