{
  "ibighit.com": {
    "backend": {
      "pid": 67623,
      "port": 3003,
      "started": 1774810364.8135831
    },
    "vue": {
      "pid": 67628,
      "port": 3002,
      "started": 1774810365.853528
    }
  }
}