{
  "ibighit.com": {
    "backend": {
      "pid": 44468,
      "port": 3003,
      "started": 1774788580.16118
    },
    "vue": {
      "pid": 44473,
      "port": 3002,
      "started": 1774788581.243475
    }
  }
}