{
  "ibighit.com": {
    "backend": {
      "pid": 15917,
      "port": 3003,
      "started": 1774773785.123283
    },
    "vue": {
      "pid": 15920,
      "port": 3002,
      "started": 1774773786.291828
    }
  }
}